case_id,backend,device,scheduler_mode,concurrency,max_batch_size,max_wait_ms,requests,successful_requests,failures,rejections,timeouts,throughput_requests_per_second,mean_latency_ms,p50_latency_ms,p95_latency_ms,p99_latency_ms,mean_queue_wait_ms,p95_queue_wait_ms,mean_backend_inference_ms,mean_realized_batch_size,maximum_realized_batch_size,backend_inference_call_count,batches_executed,duration_seconds,stats_delta_total_accepted_requests,stats_delta_completed_requests,stats_delta_rejected_requests,stats_delta_timed_out_requests,stats_delta_cancelled_requests,stats_delta_failed_requests,stats_delta_backend_inference_calls,stats_delta_batches_executed,stats_delta_current_queue_depth
torch-direct-c1,torch,cpu,direct,1,1,0.0,200,200,0,0,0,68.26820461363994,14.617311996407807,14.417149941436946,16.21054980205372,19.744181940332012,0.08000000030733645,0.0,8.273934997851029,1.0,1,200,200,2.9296214999631047,200,200,0,0,0,0,200,200,0
torch-direct-c8,torch,cpu,direct,8,1,0.0,200,200,0,0,0,96.3384175933806,81.475795005681,81.47380000445992,85.39951497223228,90.3047370864078,63.2599999953527,77.9999999795109,10.148452499415725,1.0,1,200,200,2.0760149999987334,200,200,0,0,0,0,200,200,0
torch-direct-c32,torch,cpu,direct,32,1,0.0,200,200,0,0,0,64.20352620281102,470.34189350437373,131.92249985877424,2719.473995093721,3051.6270029568113,4.70000000204891,30.999999959021807,9.768416491569951,1.0,1,200,200,3.115093700122088,200,200,0,0,0,0,200,200,0
torch-direct-c64,torch,cpu,direct,64,1,0.0,200,200,0,0,0,64.23540580429801,870.2940520073753,651.6782500548288,2546.707974898163,2855.565661985893,3.9900000020861626,16.00000006146729,9.751646007644013,1.0,1,200,200,3.1135476999916136,200,200,0,0,0,0,200,200,0
onnx-direct-c1,onnx,cpu,direct,1,1,0.0,200,200,0,0,0,99.7354268463049,9.996936003444716,9.88595001399517,11.402889958117155,13.164129885844886,0.0,0.0,3.4360209992155433,1.0,1,200,200,2.005305500002578,200,200,0,0,0,0,200,200,0
onnx-direct-c8,onnx,cpu,direct,8,1,0.0,200,200,0,0,0,171.03287953386717,46.0226200055331,42.07900003530085,72.78402016963808,99.0497420029713,2.809999998426065,15.999999840278178,3.5730519983917475,1.0,1,200,200,1.169365799985826,200,200,0,0,0,0,200,200,0
onnx-direct-c32,onnx,cpu,direct,32,1,0.0,200,200,0,0,0,70.19746335760819,434.13306001690216,141.8623001081869,1717.49404512811,2701.066311032045,0.7849999994505197,0.74999999487747,3.4498150064609945,1.0,1,200,200,2.849105800036341,200,200,0,0,0,0,200,200,0
onnx-direct-c64,onnx,cpu,direct,64,1,0.0,200,200,0,0,0,65.02630444073932,869.086795502808,655.7383000617847,2547.6994151715185,2934.967593047767,0.15999999828636646,0.0,3.5158880020026118,1.0,1,200,200,3.075678399996832,200,200,0,0,0,0,200,200,0
torch-dynamic-b8-w1-c8,torch,cpu,dynamic,8,8,1.0,200,200,0,0,0,108.61906982253456,72.89027800085023,70.08964999113232,101.95606518536803,107.1632578410208,11.535000012954697,31.050000176765007,20.100838584559305,2.857142857142857,7,70,70,1.841297300066799,200,200,0,0,0,0,70,70,0
torch-dynamic-b8-w1-c32,torch,cpu,dynamic,32,8,1.0,200,200,0,0,0,65.18601840965556,465.1825889956672,144.58274992648512,2124.176590074783,2866.07085702708,2.9700000025331974,16.00000006146729,10.100776502669182,1.092896174863388,5,183,183,3.068142599891871,200,200,0,0,0,0,183,183,0
torch-dynamic-b8-w1-c64,torch,cpu,dynamic,64,8,1.0,200,200,0,0,0,62.13873703285635,907.7894454996567,570.1819000532851,2824.837800010572,3115.7904021744616,2.944999998435378,15.999999828636646,10.327332781162113,1.1111111111111112,7,180,180,3.21860420005396,200,200,0,0,0,0,180,180,0
torch-dynamic-b8-w3-c8,torch,cpu,dynamic,8,8,3.0,200,200,0,0,0,107.36635747276341,73.44972649472766,68.72035004198551,107.35777496593072,117.03194900881498,10.249999996740371,31.00000019185245,19.736339423385726,2.816901408450704,7,71,71,1.8627808999735862,200,200,0,0,0,0,71,71,0
torch-dynamic-b8-w3-c32,torch,cpu,dynamic,32,8,3.0,200,200,0,0,0,67.70081007910791,445.9315699886065,161.58185002859682,1496.9067500787776,2322.594995845574,3.7750000006053597,16.00000006146729,10.519772561799202,1.1428571428571428,6,175,175,2.9541744000744075,200,200,0,0,0,0,175,175,0
torch-dynamic-b8-w3-c64,torch,cpu,dynamic,64,8,3.0,200,200,0,0,0,64.2597739926682,881.5941710001789,739.9674999760464,2335.148910072166,2971.3601839030157,3.1900000025052577,16.00000006146729,10.148856696737482,1.0695187165775402,5,187,187,3.112366999965161,200,200,0,0,0,0,187,187,0
torch-dynamic-b16-w1-c8,torch,cpu,dynamic,8,16,1.0,200,200,0,0,0,100.45977425294942,78.43312349636108,77.77755009010434,107.40865493426098,131.2984960875474,11.570000003557652,31.999999890103936,19.78914246077917,2.73972602739726,7,73,73,1.9908465999178588,200,200,0,0,0,0,73,73,0
torch-dynamic-b16-w1-c32,torch,cpu,dynamic,32,16,1.0,200,200,0,0,0,64.56268289294384,468.13674150267616,164.568749954924,1675.2998600248234,2097.2932560788445,3.7300000025425106,16.00000006146729,10.698727675382111,1.1299435028248588,5,177,177,3.097764699952677,200,200,0,0,0,0,177,177,0
torch-dynamic-b16-w1-c64,torch,cpu,dynamic,64,16,1.0,200,200,0,0,0,62.32476030036089,911.1337095138151,649.2400000570342,2690.661890094633,3137.7500990172844,3.430000002263114,16.00000006146729,10.292042401092855,1.0869565217391304,5,184,184,3.208997500129044,200,200,0,0,0,0,184,184,0
torch-dynamic-b16-w3-c8,torch,cpu,dynamic,8,16,3.0,200,200,0,0,0,107.52618799188357,73.07431650115177,68.90020007267594,106.07132498407736,119.9401060445234,9.999999980209395,30.999999959021807,20.724114694851725,2.9411764705882355,7,68,68,1.8600120001938194,200,200,0,0,0,0,68,68,0
torch-dynamic-b16-w3-c32,torch,cpu,dynamic,32,16,3.0,200,200,0,0,0,60.307383718611256,499.1516010055784,173.24104998260736,1706.6108751110721,2377.0996589190295,1.9400000048335642,15.999999828636646,9.983415519918271,1.0695187165775402,3,187,187,3.3163435000460595,200,200,0,0,0,0,187,187,0
torch-dynamic-b16-w3-c64,torch,cpu,dynamic,64,16,3.0,200,200,0,0,0,62.563719194183165,905.3529400087427,716.8675999855623,2799.84612991102,3073.879081148188,3.2799999974668026,16.00000006146729,10.155193016974517,1.075268817204301,5,186,186,3.196740899933502,200,200,0,0,0,0,186,186,0
onnx-dynamic-b8-w1-c8,onnx,cpu,dynamic,8,8,1.0,200,200,0,0,0,167.86316734403331,46.73600499751046,43.36255008820444,73.94514007028192,89.69693405553693,2.114999999757856,16.00000006146729,4.314298120152671,1.25,5,160,160,1.1914466000162065,200,200,0,0,0,0,160,160,0
onnx-dynamic-b8-w1-c32,onnx,cpu,dynamic,32,8,1.0,200,200,0,0,0,78.4925351621171,387.81827350263484,141.31079998333007,1774.8312350478952,2462.06804189831,1.185000000987202,15.999999828636646,3.575098942367629,1.0695187165775397,3,187,187,2.5480130000505596,200,200,0,0,0,0,187,187,0
onnx-dynamic-b8-w1-c64,onnx,cpu,dynamic,64,8,1.0,200,200,0,0,0,64.91543223561615,864.5415385090746,591.3182001095265,2679.4154599425374,2935.7695439411327,0.9399999969173223,14.999999897554517,3.569612247460731,1.0204081632653061,2,196,196,3.080931499833241,200,200,0,0,0,0,196,196,0
onnx-dynamic-b8-w3-c8,onnx,cpu,dynamic,8,8,3.0,200,200,0,0,0,160.79568134328724,48.87292299303226,44.63789996225387,78.35801002802324,110.18687888747071,2.584999992977828,15.999999828636646,4.504670061254103,1.2738853503184713,5,157,157,1.2438145000487566,200,200,0,0,0,0,157,157,0
onnx-dynamic-b8-w3-c32,onnx,cpu,dynamic,32,8,3.0,200,200,0,0,0,76.7911615252519,397.5410879938863,140.75889997184277,1484.906719881109,2452.1584090893157,1.1549999995622784,15.00000013038516,3.7137189288497776,1.0810810810810811,3,185,185,2.604466399876401,200,200,0,0,0,0,185,185,0
onnx-dynamic-b8-w3-c64,onnx,cpu,dynamic,64,8,3.0,200,200,0,0,0,63.137304003092865,902.2208719991613,668.8614501617849,2667.691279912832,3065.3460821718904,0.4749999975319952,0.0,3.4992727180566603,1.0101010101010104,2,198,198,3.167699399869889,200,200,0,0,0,0,198,198,0
onnx-dynamic-b16-w1-c8,onnx,cpu,dynamic,8,16,1.0,200,200,0,0,0,168.86601992118918,46.55294248950668,43.349800049327314,73.22963493643324,90.93760716728832,2.899999999208376,16.00000006146729,4.555624670659503,1.333333333333333,5,150,150,1.1843709000386298,200,200,0,0,0,0,150,150,0
onnx-dynamic-b16-w1-c32,onnx,cpu,dynamic,32,16,1.0,200,200,0,0,0,74.52416969735283,408.76926549710333,136.8355000158772,1352.0516400691115,2044.1786139435133,1.1699999996926636,15.00000013038516,3.607023408279775,1.0638297872340425,3,188,188,2.6836930999998003,200,200,0,0,0,0,188,188,0
onnx-dynamic-b16-w1-c64,onnx,cpu,dynamic,64,16,1.0,200,200,0,0,0,64.82173213669834,869.1917400038801,602.7428999077529,2652.7598848333582,2964.9026039987803,0.7850000017788261,0.7500000065190022,3.5213744992447307,1.020408163265306,2,196,196,3.0853849998675287,200,200,0,0,0,0,196,196,0
onnx-dynamic-b16-w3-c8,onnx,cpu,dynamic,8,16,3.0,200,200,0,0,0,169.57323672668397,46.40676100505516,43.33090013824403,67.04111003782594,88.44587507424849,1.4949999982491136,15.999999828636646,4.433406873431523,1.25,3,160,160,1.1794314000289887,200,200,0,0,0,0,160,160,0
onnx-dynamic-b16-w3-c32,onnx,cpu,dynamic,32,16,3.0,200,200,0,0,0,71.30197222867324,427.8686974965967,133.36704997345805,1556.753780064172,2711.3581601576875,0.779999999795109,0.74999999487747,3.57577420869156,1.0526315789473684,3,190,190,2.8049715000670403,200,200,0,0,0,0,190,190,0
onnx-dynamic-b16-w3-c64,onnx,cpu,dynamic,64,16,3.0,200,200,0,0,0,64.87680850864852,888.0859355046414,648.2044999720529,2660.992580058517,2992.682979912497,0.8550000004470348,14.999999897554517,3.5387474261032246,1.0309278350515463,2,194,194,3.082765700062737,200,200,0,0,0,0,194,194,0
